{
    "data": {
        "labels": {
            "training_labels": null,
            "validation_labels": null,
            "validation_fraction": 0.1,
            "test_labels": null,
            "split_by_inds": false,
            "training_inds": [
                266,
                777,
                1401,
                1551,
                675,
                1001,
                1657,
                591,
                1671,
                1573,
                1548,
                11,
                1581,
                1617,
                613,
                1124,
                1540,
                1448,
                759,
                1283,
                1765,
                60,
                1170,
                1933,
                913,
                79,
                1941,
                1655,
                959,
                1471,
                674,
                1693,
                1211,
                220,
                1459,
                932,
                1855,
                207,
                782,
                1313,
                1624,
                382,
                14,
                1645,
                1426,
                1785,
                197,
                825,
                1218,
                340,
                1560,
                614,
                1882,
                1061,
                615,
                464,
                494,
                1076,
                1547,
                225,
                1470,
                697,
                1333,
                805,
                827,
                687,
                251,
                1208,
                498,
                1786,
                789,
                1961,
                1272,
                1399,
                1469,
                390,
                936,
                1410,
                721,
                1044,
                1631,
                1382,
                1416,
                893,
                416,
                1259,
                942,
                1119,
                788,
                1323,
                1478,
                1858,
                1255,
                1593,
                86,
                356,
                938,
                444,
                1499,
                1267,
                1890,
                144,
                989,
                1840,
                624,
                1796,
                1293,
                1176,
                537,
                1879,
                1242,
                1420,
                351,
                640,
                72,
                335,
                1390,
                44,
                1940,
                302,
                135,
                1417,
                598,
                1849,
                491,
                218,
                1412,
                1866,
                24,
                17,
                750,
                385,
                29,
                1481,
                653,
                438,
                31,
                1013,
                209,
                1909,
                1780,
                1583,
                33,
                786,
                155,
                705,
                658,
                1235,
                657,
                1278,
                1908,
                1065,
                486,
                1736,
                876,
                1387,
                1212,
                96,
                1576,
                887,
                515,
                1177,
                77,
                412,
                664,
                1946,
                927,
                479,
                457,
                193,
                1772,
                1310,
                985,
                1145,
                1721,
                307,
                176,
                1034,
                111,
                1291,
                1644,
                1872,
                205,
                249,
                1825,
                925,
                199,
                156,
                877,
                909,
                756,
                681,
                1138,
                1629,
                1187,
                895,
                1054,
                625,
                511,
                1005,
                1329,
                1966,
                1881,
                728,
                583,
                1896,
                957,
                731,
                427,
                1325,
                1380,
                188,
                493,
                242,
                1162,
                1353,
                1886,
                1300,
                73,
                1750,
                1535,
                1368,
                1662,
                1051,
                1504,
                499,
                490,
                404,
                398,
                772,
                1019,
                1567,
                203,
                80,
                618,
                991,
                1903,
                1269,
                180,
                1466,
                187,
                306,
                652,
                1696,
                1484,
                381,
                1305,
                40,
                1400,
                1444,
                422,
                358,
                1348,
                584,
                195,
                1431,
                1636,
                1594,
                344,
                1518,
                1559,
                420,
                654,
                467,
                807,
                1201,
                440,
                585,
                126,
                1910,
                1142,
                1618,
                1861,
                1068,
                894,
                606,
                1770,
                1829,
                361,
                648,
                318,
                1779,
                1959,
                1042,
                773,
                1425,
                1393,
                1010,
                734,
                1513,
                915,
                240,
                1958,
                950,
                1912,
                350,
                668,
                473,
                261,
                1525,
                603,
                1021,
                378,
                333,
                1441,
                317,
                941,
                262,
                46,
                626,
                636,
                1079,
                1002,
                1270,
                1760,
                733,
                1487,
                1309,
                848,
                761,
                298,
                853,
                695,
                1990,
                160,
                644,
                541,
                1362,
                296,
                1435,
                1907,
                1923,
                1937,
                1261,
                1853,
                1453,
                393,
                1483,
                685,
                292,
                301,
                608,
                1020,
                1790,
                1784,
                341,
                631,
                269,
                856,
                463,
                1956,
                628,
                1646,
                1986,
                902,
                1621,
                690,
                395,
                623,
                527,
                1429,
                587,
                140,
                1635,
                1171,
                0,
                754,
                1598,
                1888,
                955,
                678,
                94,
                1133,
                793,
                864,
                1935,
                1103,
                407,
                2,
                432,
                910,
                962,
                1463,
                1102,
                1579,
                1198,
                1357,
                116,
                1763,
                282,
                1165,
                108,
                647,
                204,
                468,
                671,
                1271,
                1356,
                1734,
                441,
                812,
                1139,
                1745,
                1806,
                892,
                93,
                359,
                1371,
                330,
                979,
                1346,
                1684,
                1207,
                1511,
                688,
                1446,
                1014,
                460,
                63,
                97,
                1324,
                1351,
                365,
                1192,
                857,
                81,
                1731,
                1541,
                1713,
                157,
                1975,
                762,
                651,
                326,
                1004,
                593,
                567,
                1326,
                771,
                100,
                1041,
                121,
                1586,
                1265,
                1180,
                833,
                784,
                1634,
                1599,
                1330,
                1972,
                680,
                1137,
                1069,
                13,
                882,
                196,
                319,
                1665,
                1805,
                974,
                1778,
                516,
                325,
                455,
                509,
                288,
                774,
                1589,
                1374,
                958,
                1360,
                134,
                309,
                760,
                1771,
                5,
                809,
                174,
                394,
                865,
                1724,
                119,
                967,
                997,
                1148,
                968,
                337,
                136,
                975,
                47,
                70,
                826,
                448,
                923,
                1928,
                873,
                755,
                729,
                993,
                824,
                1811,
                898,
                237,
                474,
                1298,
                1668,
                424,
                192,
                1804,
                1281,
                1405,
                1538,
                1642,
                148,
                38,
                1817,
                881,
                241,
                1074,
                202,
                1596,
                1095,
                842,
                1214,
                978,
                90,
                911,
                1775,
                1050,
                1584,
                1706,
                1659,
                1824,
                561,
                1952,
                223,
                1875,
                1639,
                1850,
                1203,
                1942,
                1892,
                1893,
                403,
                1830,
                290,
                227,
                20,
                1680,
                1782,
                1464,
                1322,
                804,
                638,
                214,
                1718,
                617,
                783,
                354,
                1885,
                1611,
                994,
                186,
                1455,
                1605,
                1185,
                1217,
                1263,
                1337,
                1230,
                342,
                280,
                1443,
                545,
                1183,
                1578,
                1398,
                1674,
                161,
                1934,
                822,
                1437,
                39,
                75,
                724,
                829,
                1327,
                1920,
                1350,
                1289,
                1073,
                1377,
                1844,
                1709,
                1442,
                466,
                481,
                1456,
                182,
                1423,
                712,
                264,
                803,
                1834,
                1663,
                1730,
                1219,
                74,
                65,
                629,
                1553,
                1766,
                1917,
                1506,
                1126,
                9,
                1457,
                1648,
                383,
                107,
                889,
                792,
                995,
                981,
                691,
                1845,
                62,
                110,
                861,
                1820,
                1963,
                744,
                934,
                1876,
                367,
                1895,
                1070,
                1570,
                859,
                1482,
                1160,
                1049,
                1306,
                303,
                1590,
                1936,
                1447,
                1520,
                1347,
                1292,
                236,
                656,
                1508,
                1090,
                971,
                763,
                470,
                377,
                872,
                91,
                1543,
                841,
                888,
                1439,
                1904,
                1385,
                776,
                12,
                1256,
                540,
                397,
                655,
                727,
                1449,
                663,
                1970,
                726,
                1335,
                1190,
                1025,
                810,
                1767,
                18,
                1491,
                1602,
                621,
                53,
                739,
                450,
                475,
                113,
                1500,
                1715,
                1728,
                1365,
                1839,
                409,
                353,
                1389,
                373,
                1669,
                901,
                1134,
                465,
                120,
                1800,
                1656,
                886,
                1147,
                1812,
                676,
                732,
                1592,
                1981,
                1094,
                1873,
                633,
                778,
                592,
                417,
                1524,
                1462,
                564,
                1231,
                276,
                1695,
                164,
                254,
                349,
                406,
                1018,
                542,
                1150,
                1622,
                534,
                878,
                1608,
                226,
                1072,
                324,
                1232,
                747,
                1842,
                577,
                212,
                1006,
                563,
                85,
                1847,
                1303,
                796,
                982,
                533,
                735,
                1136,
                286,
                1237,
                513,
                1036,
                1106,
                357,
                275,
                1682,
                1647,
                1930,
                1832,
                751,
                1023,
                832,
                194,
                313,
                620,
                818,
                1221,
                921,
                323,
                1658,
                1683,
                1574,
                1143,
                937,
                1729,
                586,
                1067,
                1424,
                838,
                562,
                1320,
                1994,
                530,
                845,
                152,
                304,
                1640,
                906,
                1700,
                646,
                52,
                1319,
                1,
                272,
                1048,
                1210,
                1197,
                384,
                1089,
                375,
                1086,
                1028,
                1791,
                1169,
                1863,
                846,
                560,
                670,
                1899,
                1526,
                58,
                1112,
                1378,
                1991,
                372,
                399,
                1549,
                183,
                1196,
                1495,
                244,
                520,
                1613,
                1341,
                1227,
                630,
                1831,
                791,
                230,
                686,
                1228,
                1666,
                1982,
                1039,
                1157,
                1838,
                718,
                1200,
                969,
                918,
                693,
                426,
                749,
                1927,
                472,
                1140,
                740,
                1738,
                1301,
                1719,
                362,
                1246,
                1383,
                1562,
                1059,
                179,
                1687,
                258,
                1762,
                1234,
                799,
                867,
                1497,
                575,
                1432,
                711,
                1887,
                816,
                16,
                1777,
                798,
                605,
                1813,
                1245,
                1565,
                604,
                1071,
                500,
                1141,
                707,
                1630,
                769,
                1987,
                1434,
                1516,
                521,
                1841,
                1717,
                1003,
                1485,
                54,
                1957,
                451,
                1979,
                1342,
                1948,
                297,
                1318,
                1427,
                299,
                637,
                1250,
                1835,
                642,
                1081,
                1704,
                488,
                1561,
                1865,
                1254,
                725,
                1918,
                1060,
                274,
                229,
                1522,
                1436,
                553,
                1108,
                572,
                1532,
                1295,
                956,
                184,
                839,
                1654,
                1919,
                1204,
                1016,
                710,
                926,
                124,
                953,
                1331,
                143,
                22,
                1206,
                206,
                1175,
                1996,
                813,
                1914,
                565,
                1338,
                1111,
                267,
                1954,
                1794,
                1801,
                1614,
                88,
                1716,
                764,
                1509,
                1166,
                931,
                704,
                1984,
                1334,
                1600,
                1033,
                153,
                159,
                1672,
                1101,
                992,
                1404,
                380,
                112,
                1236,
                482,
                709,
                1591,
                1722,
                526,
                1109,
                1223,
                1788,
                334,
                1379,
                852,
                719,
                139,
                696,
                1702,
                1756,
                1926,
                1701,
                487,
                1414,
                268,
                1556,
                1266,
                1568,
                1641,
                1837,
                1354,
                1000,
                1294,
                295,
                1677,
                1792,
                1944,
                1711,
                1675,
                1372,
                547,
                449,
                137,
                34,
                484,
                278,
                1343,
                1022,
                201,
                947,
                57,
                1523,
                1826,
                844,
                128,
                502,
                291,
                1531,
                1053,
                1114,
                1595,
                666,
                1361,
                175,
                795,
                314,
                1951,
                660,
                639,
                1029,
                1737,
                1993,
                528,
                1225,
                1723,
                308,
                558,
                945,
                1007,
                1388,
                1332,
                1030,
                1066,
                1862,
                988,
                1698,
                924,
                434,
                170,
                1859,
                811,
                964,
                129,
                622,
                1836,
                1971,
                413,
                1100,
                1978,
                665,
                781,
                1555,
                437,
                246,
                1489,
                1688,
                1739,
                1610,
                1063,
                1891,
                430,
                596,
                1503,
                847,
                1336,
                1268,
                1607,
                289,
                239,
                1949,
                986,
                1637,
                1964,
                546,
                189,
                408,
                154,
                1533,
                1105,
                1080,
                435,
                1699,
                1355,
                1419,
                439,
                1552,
                1848,
                1690,
                1932,
                1625,
                41,
                1264,
                1619,
                1821,
                1152,
                371,
                279,
                419,
                1924,
                1288,
                1428,
                871,
                590,
                3,
                478,
                1748,
                1653,
                1240,
                231,
                643,
                1391,
                517,
                122,
                1537,
                1539,
                1406,
                1027,
                1413,
                316,
                578,
                1012,
                1130,
                1714,
                425,
                1058,
                1193,
                1173,
                814,
                1149,
                1205,
                1609,
                1174,
                1776,
                483,
                508,
                900,
                1473,
                1769,
                1712,
                1587,
                1735,
                19,
                1880,
                61,
                1087,
                854,
                868,
                1989,
                972,
                943,
                1308,
                1915,
                1530,
                173,
                99,
                123,
                1144,
                922,
                401,
                1597,
                954,
                966,
                216,
                1132,
                737,
                56,
                363,
                573,
                612,
                1884,
                1392,
                1787,
                730,
                1244,
                1458,
                327,
                1386,
                1477,
                1505,
                1312,
                1151,
                15,
                1521,
                1943,
                1395,
                1075,
                1258,
                1290,
                600,
                1381,
                699,
                571,
                1045,
                828,
                836,
                961,
                355,
                388,
                1243,
                167,
                265,
                273,
                1057,
                1461,
                1667,
                1317,
                117,
                1202,
                411,
                257,
                1913,
                217,
                1742,
                1186,
                1871,
                168,
                1168,
                172,
                1898,
                550,
                944,
                158,
                1922,
                1529,
                495,
                1679,
                1359,
                1651,
                1440,
                823,
                151,
                1761,
                588,
                442,
                1799,
                436,
                1819,
                370,
                1708,
                714,
                1857,
                198,
                619,
                1011,
                1282,
                1643,
                1430,
                662,
                87,
                131,
                1043,
                1249,
                790,
                797,
                722,
                1867,
                706,
                387,
                1697,
                785,
                1889,
                933,
                1159,
                1376,
                1808,
                332,
                1874,
                840,
                55,
                1623,
                1129,
                649,
                1694,
                834,
                30,
                1822,
                1474,
                1422,
                1612,
                1877,
                741,
                1297,
                1846,
                830,
                837,
                1569,
                566,
                1369,
                1536,
                232,
                1856,
                806,
                1510,
                939,
                456,
                1280,
                1967,
                1802,
                860,
                84,
                780,
                213,
                1008,
                50,
                1209,
                215,
                1733,
                1315,
                1974,
                745,
                1905,
                1973,
                1084,
                1965,
                610,
                1502,
                1649,
                1603,
                570,
                1273,
                1572,
                1851,
                919,
                1676,
                386,
                1703,
                960,
                277,
                897,
                26,
                1588,
                1534,
                1328,
                92,
                965,
                720,
                245,
                374,
                557,
                1184,
                1316,
                794,
                1233,
                1163,
                1402,
                312,
                1749,
                849,
                1085,
                6,
                903,
                916,
                669,
                1224,
                1409,
                507,
                166,
                1215,
                1032,
                1384,
                1985,
                59,
                322,
                1710,
                891,
                551,
                1911,
                930,
                1216,
                748,
                1902,
                576,
                1302,
                682,
                855,
                1285,
                1950,
                1164,
                554,
                1670,
                1055,
                27,
                1415,
                1554,
                1705,
                581,
                1894,
                458,
                320,
                984,
                679,
                1544,
                1686,
                145,
                869,
                222,
                263,
                779,
                200,
                181,
                1110,
                858,
                1340,
                766,
                525,
                980,
                736,
                1156,
                1758,
                641,
                1580,
                522,
                595,
                1752,
                1852,
                917,
                609,
                163,
                543,
                607,
                523,
                532,
                1093,
                667,
                343,
                1616,
                634,
                1803,
                169,
                1816,
                1585,
                1252,
                765,
                1311,
                1759,
                255,
                1468,
                1131,
                1960,
                1897,
                1962,
                1117,
                1396,
                66,
                1450,
                800,
                951,
                1454,
                147,
                42,
                1397,
                1009,
                102,
                1977,
                1363,
                702,
                391,
                8,
                1571,
                1955,
                1248,
                1479,
                1768,
                684,
                1304,
                632,
                1678,
                1024,
                1284,
                758,
                64,
                1433,
                1220,
                132,
                1764,
                360,
                1098,
                285,
                1195,
                368,
                912,
                1194,
                150,
                103,
                970,
                1047,
                579,
                1475,
                133,
                1557,
                165,
                1472,
                673,
                1582,
                998,
                454,
                1995,
                1083,
                345,
                948,
                1403,
                1988,
                98,
                1107,
                1498,
                402,
                1753,
                1296,
                1189,
                1660,
                835,
                1627,
                185,
                310,
                445,
                1062,
                459,
                1488,
                260,
                708,
                677,
                1652,
                1179,
                1274,
                270,
                68,
                983,
                1741,
                1339,
                130,
                1575,
                1199,
                1490,
                999,
                589,
                1998,
                863,
                1238,
                1925,
                1751,
                1512,
                37,
                1158,
                253,
                1375,
                1307,
                1720,
                1017,
                698,
                1527,
                1123,
                109,
                7,
                1082,
                1115,
                149,
                1445,
                659,
                177,
                973,
                1038,
                928,
                497,
                1122,
                1661,
                874,
                1465,
                650,
                1815,
                661,
                191,
                904,
                1358,
                1452,
                1253,
                506,
                104,
                1843,
                683,
                548,
                1795,
                1953,
                1558,
                1091,
                996,
                801,
                210,
                305,
                1883,
                1251,
                1056,
                243,
                1746,
                1980,
                453,
                443,
                1743,
                890,
                1983,
                146,
                627,
                415,
                770,
                715,
                234,
                1519,
                138,
                1035,
                45,
                1279,
                645,
                311,
                601,
                1408,
                1181,
                1345,
                880,
                1976,
                235,
                1344,
                1691,
                48,
                716,
                462,
                1040,
                635,
                283,
                908,
                379,
                1789,
                287,
                1154,
                1099,
                293,
                76,
                376,
                552,
                1916,
                67,
                1901,
                580,
                1314,
                501,
                672,
                1088,
                1939,
                1222,
                1052,
                1992,
                1349,
                529,
                369,
                1628,
                544,
                259,
                1501,
                1191,
                1929,
                1287,
                556,
                866,
                1407,
                946,
                940,
                114,
                447,
                815,
                1601,
                768,
                418,
                392,
                1681,
                1229,
                1277,
                125,
                1650,
                433,
                987,
                505,
                1182,
                510,
                1364,
                1260,
                568,
                879,
                336,
                1438,
                331,
                1097,
                1517,
                352,
                594,
                1563,
                514,
                1373,
                471,
                1878,
                524,
                405,
                489,
                1370,
                1460,
                875,
                1900,
                1740,
                366,
                1118,
                1814,
                1394,
                787,
                348,
                1155,
                713,
                78,
                1997,
                1127,
                1542,
                1113,
                141,
                95,
                1809,
                753,
                1546,
                233,
                1783,
                1037,
                1773,
                574,
                1797,
                1213,
                1577,
                952,
                219,
                920,
                1726,
                723,
                1092,
                1744,
                1685,
                428,
                389,
                1707,
                597,
                250,
                35,
                717,
                1798,
                89,
                1257,
                281,
                616,
                757,
                127,
                743,
                1507,
                271,
                69,
                43,
                294,
                1286,
                1632,
                32,
                929,
                1031,
                238,
                496,
                831,
                105,
                1755,
                10,
                338,
                476,
                885,
                28,
                1451,
                1810
            ],
            "validation_inds": [
                535,
                1153,
                118,
                1480,
                512,
                142,
                1241,
                990,
                1606,
                400,
                1515,
                461,
                315,
                1747,
                883,
                555,
                1868,
                907,
                1104,
                1352,
                1692,
                21,
                1869,
                1421,
                1496,
                1128,
                1757,
                1638,
                1620,
                1239,
                1550,
                1732,
                328,
                25,
                106,
                492,
                504,
                178,
                689,
                817,
                1247,
                421,
                480,
                1321,
                1818,
                752,
                1827,
                1367,
                1727,
                1167,
                1604,
                1689,
                701,
                410,
                1161,
                1077,
                519,
                1781,
                1172,
                248,
                1135,
                82,
                1931,
                538,
                1494,
                536,
                1774,
                694,
                221,
                364,
                820,
                611,
                1026,
                347,
                1828,
                862,
                396,
                599,
                346,
                71,
                339,
                429,
                1564,
                423,
                208,
                224,
                1492,
                228,
                559,
                963,
                1096,
                1528,
                1121,
                1178,
                692,
                738,
                1366,
                1418,
                775,
                329,
                83,
                1793,
                36,
                1921,
                1833,
                949,
                1078,
                162,
                1823,
                1411,
                746,
                1969,
                101,
                1945,
                247,
                976,
                851,
                211,
                1046,
                1725,
                23,
                284,
                1673,
                531,
                1299,
                1968,
                935,
                1545,
                1146,
                843,
                1275,
                602,
                1870,
                884,
                452,
                115,
                1566,
                431,
                171,
                914,
                477,
                896,
                518,
                1120,
                469,
                485,
                767,
                256,
                51,
                1125,
                1860,
                321,
                1754,
                582,
                700,
                819,
                1015,
                1947,
                899,
                4,
                414,
                1064,
                850,
                977,
                802,
                1633,
                300,
                1938,
                1276,
                1615,
                446,
                1493,
                1226,
                821,
                1854,
                1262,
                1467,
                1514,
                1906,
                503,
                870,
                1188,
                703,
                549,
                1807,
                1864,
                569,
                49,
                1626,
                1664,
                1116,
                905,
                808,
                1486,
                539,
                252,
                190,
                1476,
                742,
                1999
            ],
            "test_inds": null,
            "search_path_hints": [],
            "skeletons": [
                {
                    "directed": true,
                    "graph": {
                        "name": "Skeleton-0",
                        "num_edges_inserted": 46
                    },
                    "links": [
                        {
                            "edge_insert_idx": 44,
                            "key": 0,
                            "source": {
                                "py/object": "sleap.skeleton.Node",
                                "py/state": {
                                    "py/tuple": [
                                        "head",
                                        1.0
                                    ]
                                }
                            },
                            "target": {
                                "py/object": "sleap.skeleton.Node",
                                "py/state": {
                                    "py/tuple": [
                                        "eyeL",
                                        1.0
                                    ]
                                }
                            },
                            "type": {
                                "py/reduce": [
                                    {
                                        "py/type": "sleap.skeleton.EdgeType"
                                    },
                                    {
                                        "py/tuple": [
                                            1
                                        ]
                                    }
                                ]
                            }
                        },
                        {
                            "edge_insert_idx": 45,
                            "key": 0,
                            "source": {
                                "py/id": 1
                            },
                            "target": {
                                "py/object": "sleap.skeleton.Node",
                                "py/state": {
                                    "py/tuple": [
                                        "eyeR",
                                        1.0
                                    ]
                                }
                            },
                            "type": {
                                "py/id": 3
                            }
                        },
                        {
                            "edge_insert_idx": 34,
                            "key": 0,
                            "source": {
                                "py/object": "sleap.skeleton.Node",
                                "py/state": {
                                    "py/tuple": [
                                        "thorax",
                                        1.0
                                    ]
                                }
                            },
                            "target": {
                                "py/id": 1
                            },
                            "type": {
                                "py/id": 3
                            }
                        },
                        {
                            "edge_insert_idx": 35,
                            "key": 0,
                            "source": {
                                "py/id": 5
                            },
                            "target": {
                                "py/object": "sleap.skeleton.Node",
                                "py/state": {
                                    "py/tuple": [
                                        "abdomen",
                                        1.0
                                    ]
                                }
                            },
                            "type": {
                                "py/id": 3
                            }
                        },
                        {
                            "edge_insert_idx": 36,
                            "key": 0,
                            "source": {
                                "py/id": 5
                            },
                            "target": {
                                "py/object": "sleap.skeleton.Node",
                                "py/state": {
                                    "py/tuple": [
                                        "wingL",
                                        1.0
                                    ]
                                }
                            },
                            "type": {
                                "py/id": 3
                            }
                        },
                        {
                            "edge_insert_idx": 37,
                            "key": 0,
                            "source": {
                                "py/id": 5
                            },
                            "target": {
                                "py/object": "sleap.skeleton.Node",
                                "py/state": {
                                    "py/tuple": [
                                        "wingR",
                                        1.0
                                    ]
                                }
                            },
                            "type": {
                                "py/id": 3
                            }
                        },
                        {
                            "edge_insert_idx": 38,
                            "key": 0,
                            "source": {
                                "py/id": 5
                            },
                            "target": {
                                "py/object": "sleap.skeleton.Node",
                                "py/state": {
                                    "py/tuple": [
                                        "forelegL4",
                                        1.0
                                    ]
                                }
                            },
                            "type": {
                                "py/id": 3
                            }
                        },
                        {
                            "edge_insert_idx": 39,
                            "key": 0,
                            "source": {
                                "py/id": 5
                            },
                            "target": {
                                "py/object": "sleap.skeleton.Node",
                                "py/state": {
                                    "py/tuple": [
                                        "forelegR4",
                                        1.0
                                    ]
                                }
                            },
                            "type": {
                                "py/id": 3
                            }
                        },
                        {
                            "edge_insert_idx": 40,
                            "key": 0,
                            "source": {
                                "py/id": 5
                            },
                            "target": {
                                "py/object": "sleap.skeleton.Node",
                                "py/state": {
                                    "py/tuple": [
                                        "midlegL4",
                                        1.0
                                    ]
                                }
                            },
                            "type": {
                                "py/id": 3
                            }
                        },
                        {
                            "edge_insert_idx": 41,
                            "key": 0,
                            "source": {
                                "py/id": 5
                            },
                            "target": {
                                "py/object": "sleap.skeleton.Node",
                                "py/state": {
                                    "py/tuple": [
                                        "midlegR4",
                                        1.0
                                    ]
                                }
                            },
                            "type": {
                                "py/id": 3
                            }
                        },
                        {
                            "edge_insert_idx": 42,
                            "key": 0,
                            "source": {
                                "py/id": 5
                            },
                            "target": {
                                "py/object": "sleap.skeleton.Node",
                                "py/state": {
                                    "py/tuple": [
                                        "hindlegL4",
                                        1.0
                                    ]
                                }
                            },
                            "type": {
                                "py/id": 3
                            }
                        },
                        {
                            "edge_insert_idx": 43,
                            "key": 0,
                            "source": {
                                "py/id": 5
                            },
                            "target": {
                                "py/object": "sleap.skeleton.Node",
                                "py/state": {
                                    "py/tuple": [
                                        "hindlegR4",
                                        1.0
                                    ]
                                }
                            },
                            "type": {
                                "py/id": 3
                            }
                        },
                        {
                            "key": 0,
                            "source": {
                                "py/id": 7
                            },
                            "target": {
                                "py/id": 8
                            },
                            "type": {
                                "py/reduce": [
                                    {
                                        "py/type": "sleap.skeleton.EdgeType"
                                    },
                                    {
                                        "py/tuple": [
                                            2
                                        ]
                                    }
                                ]
                            }
                        },
                        {
                            "key": 0,
                            "source": {
                                "py/id": 8
                            },
                            "target": {
                                "py/id": 7
                            },
                            "type": {
                                "py/id": 15
                            }
                        },
                        {
                            "key": 0,
                            "source": {
                                "py/id": 9
                            },
                            "target": {
                                "py/id": 10
                            },
                            "type": {
                                "py/id": 15
                            }
                        },
                        {
                            "key": 0,
                            "source": {
                                "py/id": 10
                            },
                            "target": {
                                "py/id": 9
                            },
                            "type": {
                                "py/id": 15
                            }
                        },
                        {
                            "key": 0,
                            "source": {
                                "py/id": 11
                            },
                            "target": {
                                "py/id": 12
                            },
                            "type": {
                                "py/id": 15
                            }
                        },
                        {
                            "key": 0,
                            "source": {
                                "py/id": 12
                            },
                            "target": {
                                "py/id": 11
                            },
                            "type": {
                                "py/id": 15
                            }
                        },
                        {
                            "key": 0,
                            "source": {
                                "py/id": 13
                            },
                            "target": {
                                "py/id": 14
                            },
                            "type": {
                                "py/id": 15
                            }
                        },
                        {
                            "key": 0,
                            "source": {
                                "py/id": 14
                            },
                            "target": {
                                "py/id": 13
                            },
                            "type": {
                                "py/id": 15
                            }
                        },
                        {
                            "key": 0,
                            "source": {
                                "py/id": 2
                            },
                            "target": {
                                "py/id": 4
                            },
                            "type": {
                                "py/id": 15
                            }
                        },
                        {
                            "key": 0,
                            "source": {
                                "py/id": 4
                            },
                            "target": {
                                "py/id": 2
                            },
                            "type": {
                                "py/id": 15
                            }
                        }
                    ],
                    "multigraph": true,
                    "nodes": [
                        {
                            "id": {
                                "py/id": 1
                            }
                        },
                        {
                            "id": {
                                "py/id": 5
                            }
                        },
                        {
                            "id": {
                                "py/id": 6
                            }
                        },
                        {
                            "id": {
                                "py/id": 7
                            }
                        },
                        {
                            "id": {
                                "py/id": 8
                            }
                        },
                        {
                            "id": {
                                "py/id": 9
                            }
                        },
                        {
                            "id": {
                                "py/id": 10
                            }
                        },
                        {
                            "id": {
                                "py/id": 11
                            }
                        },
                        {
                            "id": {
                                "py/id": 12
                            }
                        },
                        {
                            "id": {
                                "py/id": 13
                            }
                        },
                        {
                            "id": {
                                "py/id": 14
                            }
                        },
                        {
                            "id": {
                                "py/id": 2
                            }
                        },
                        {
                            "id": {
                                "py/id": 4
                            }
                        }
                    ]
                }
            ]
        },
        "preprocessing": {
            "ensure_rgb": false,
            "ensure_grayscale": false,
            "imagenet_mode": null,
            "input_scaling": 1.0,
            "pad_to_stride": 32,
            "resize_and_pad_to_target": true,
            "target_height": null,
            "target_width": null
        },
        "instance_cropping": {
            "center_on_part": "thorax",
            "crop_size": 160,
            "crop_size_detection_padding": 16
        }
    },
    "model": {
        "backbone": {
            "leap": null,
            "unet": {
                "stem_stride": null,
                "max_stride": 32,
                "output_stride": 2,
                "filters": 32,
                "filters_rate": 1.5,
                "middle_block": true,
                "up_interpolate": true,
                "stacks": 1
            },
            "hourglass": null,
            "resnet": null,
            "pretrained_encoder": null
        },
        "heads": {
            "single_instance": null,
            "centroid": null,
            "centered_instance": null,
            "multi_instance": null,
            "multi_class_bottomup": null,
            "multi_class_topdown": {
                "confmaps": {
                    "anchor_part": "thorax",
                    "part_names": [
                        "head",
                        "thorax",
                        "abdomen",
                        "wingL",
                        "wingR",
                        "forelegL4",
                        "forelegR4",
                        "midlegL4",
                        "midlegR4",
                        "hindlegL4",
                        "hindlegR4",
                        "eyeL",
                        "eyeR"
                    ],
                    "sigma": 1.5,
                    "output_stride": 2,
                    "loss_weight": 1.0,
                    "offset_refinement": false
                },
                "class_vectors": {
                    "classes": [
                        "female",
                        "male"
                    ],
                    "num_fc_layers": 3,
                    "num_fc_units": 128,
                    "global_pool": true,
                    "output_stride": 32,
                    "loss_weight": 0.01
                }
            }
        }
    },
    "optimization": {
        "preload_data": true,
        "augmentation_config": {
            "rotate": true,
            "rotation_min_angle": -180,
            "rotation_max_angle": 180,
            "translate": false,
            "translate_min": -5,
            "translate_max": 5,
            "scale": false,
            "scale_min": 0.9,
            "scale_max": 1.1,
            "uniform_noise": false,
            "uniform_noise_min_val": 0.0,
            "uniform_noise_max_val": 10.0,
            "gaussian_noise": false,
            "gaussian_noise_mean": 5.0,
            "gaussian_noise_stddev": 1.0,
            "contrast": false,
            "contrast_min_gamma": 0.5,
            "contrast_max_gamma": 2.0,
            "brightness": false,
            "brightness_min_val": 0.0,
            "brightness_max_val": 10.0,
            "random_crop": false,
            "random_crop_height": 256,
            "random_crop_width": 256,
            "random_flip": false,
            "flip_horizontal": true
        },
        "online_shuffling": true,
        "shuffle_buffer_size": 128,
        "prefetch": true,
        "batch_size": 4,
        "batches_per_epoch": 450,
        "min_batches_per_epoch": 200,
        "val_batches_per_epoch": 50,
        "min_val_batches_per_epoch": 10,
        "epochs": 100,
        "optimizer": "adam",
        "initial_learning_rate": 0.0001,
        "learning_rate_schedule": {
            "reduce_on_plateau": false,
            "reduction_factor": 0.1,
            "plateau_min_delta": 1e-08,
            "plateau_patience": 10,
            "plateau_cooldown": 3,
            "min_learning_rate": 1e-08
        },
        "hard_keypoint_mining": {
            "online_mining": false,
            "hard_to_easy_ratio": 2.0,
            "min_hard_keypoints": 2,
            "max_hard_keypoints": null,
            "loss_scale": 5.0
        },
        "early_stopping": {
            "stop_training_on_plateau": false,
            "plateau_min_delta": 1e-08,
            "plateau_patience": 20
        }
    },
    "outputs": {
        "save_outputs": true,
        "run_name": "wt_gold.13pt.multiclass_topdown",
        "run_name_prefix": "",
        "run_name_suffix": "",
        "runs_folder": "models",
        "tags": [],
        "save_visualizations": false,
        "delete_viz_images": true,
        "zip_outputs": false,
        "log_to_csv": true,
        "checkpointing": {
            "initial_model": false,
            "best_model": true,
            "every_epoch": false,
            "latest_model": false,
            "final_model": false
        },
        "tensorboard": {
            "write_logs": false,
            "loss_frequency": "epoch",
            "architecture_graph": false,
            "profile_graph": false,
            "visualizations": true
        },
        "zmq": {
            "subscribe_to_controller": false,
            "controller_address": "tcp://127.0.0.1:9000",
            "controller_polling_timeout": 10,
            "publish_updates": false,
            "publish_address": "tcp://127.0.0.1:9001"
        }
    },
    "name": "",
    "description": "",
    "sleap_version": "1.1.0a10",
    "filename": "models\\wt_gold.13pt.multiclass_topdown\\training_config.json"
}