{
    "data": {
        "labels": {
            "training_labels": "datasets/wt_gold.13pt/random_split1/train.pkg.slp",
            "validation_labels": "datasets/wt_gold.13pt/random_split1/val.pkg.slp",
            "validation_fraction": 0.1,
            "test_labels": "datasets/wt_gold.13pt/random_split1/test.pkg.slp",
            "search_path_hints": [],
            "skeletons": [
                {
                    "directed": true,
                    "graph": {
                        "name": "Skeleton-0",
                        "num_edges_inserted": 46
                    },
                    "links": [
                        {
                            "edge_insert_idx": 44,
                            "key": 0,
                            "source": {
                                "py/object": "sleap.skeleton.Node",
                                "py/state": {
                                    "py/tuple": [
                                        "head",
                                        1.0
                                    ]
                                }
                            },
                            "target": {
                                "py/object": "sleap.skeleton.Node",
                                "py/state": {
                                    "py/tuple": [
                                        "eyeL",
                                        1.0
                                    ]
                                }
                            },
                            "type": {
                                "py/reduce": [
                                    {
                                        "py/type": "sleap.skeleton.EdgeType"
                                    },
                                    {
                                        "py/tuple": [
                                            1
                                        ]
                                    }
                                ]
                            }
                        },
                        {
                            "edge_insert_idx": 45,
                            "key": 0,
                            "source": {
                                "py/id": 1
                            },
                            "target": {
                                "py/object": "sleap.skeleton.Node",
                                "py/state": {
                                    "py/tuple": [
                                        "eyeR",
                                        1.0
                                    ]
                                }
                            },
                            "type": {
                                "py/id": 3
                            }
                        },
                        {
                            "edge_insert_idx": 34,
                            "key": 0,
                            "source": {
                                "py/object": "sleap.skeleton.Node",
                                "py/state": {
                                    "py/tuple": [
                                        "thorax",
                                        1.0
                                    ]
                                }
                            },
                            "target": {
                                "py/id": 1
                            },
                            "type": {
                                "py/id": 3
                            }
                        },
                        {
                            "edge_insert_idx": 35,
                            "key": 0,
                            "source": {
                                "py/id": 5
                            },
                            "target": {
                                "py/object": "sleap.skeleton.Node",
                                "py/state": {
                                    "py/tuple": [
                                        "abdomen",
                                        1.0
                                    ]
                                }
                            },
                            "type": {
                                "py/id": 3
                            }
                        },
                        {
                            "edge_insert_idx": 36,
                            "key": 0,
                            "source": {
                                "py/id": 5
                            },
                            "target": {
                                "py/object": "sleap.skeleton.Node",
                                "py/state": {
                                    "py/tuple": [
                                        "wingL",
                                        1.0
                                    ]
                                }
                            },
                            "type": {
                                "py/id": 3
                            }
                        },
                        {
                            "edge_insert_idx": 37,
                            "key": 0,
                            "source": {
                                "py/id": 5
                            },
                            "target": {
                                "py/object": "sleap.skeleton.Node",
                                "py/state": {
                                    "py/tuple": [
                                        "wingR",
                                        1.0
                                    ]
                                }
                            },
                            "type": {
                                "py/id": 3
                            }
                        },
                        {
                            "edge_insert_idx": 38,
                            "key": 0,
                            "source": {
                                "py/id": 5
                            },
                            "target": {
                                "py/object": "sleap.skeleton.Node",
                                "py/state": {
                                    "py/tuple": [
                                        "forelegL4",
                                        1.0
                                    ]
                                }
                            },
                            "type": {
                                "py/id": 3
                            }
                        },
                        {
                            "edge_insert_idx": 39,
                            "key": 0,
                            "source": {
                                "py/id": 5
                            },
                            "target": {
                                "py/object": "sleap.skeleton.Node",
                                "py/state": {
                                    "py/tuple": [
                                        "forelegR4",
                                        1.0
                                    ]
                                }
                            },
                            "type": {
                                "py/id": 3
                            }
                        },
                        {
                            "edge_insert_idx": 40,
                            "key": 0,
                            "source": {
                                "py/id": 5
                            },
                            "target": {
                                "py/object": "sleap.skeleton.Node",
                                "py/state": {
                                    "py/tuple": [
                                        "midlegL4",
                                        1.0
                                    ]
                                }
                            },
                            "type": {
                                "py/id": 3
                            }
                        },
                        {
                            "edge_insert_idx": 41,
                            "key": 0,
                            "source": {
                                "py/id": 5
                            },
                            "target": {
                                "py/object": "sleap.skeleton.Node",
                                "py/state": {
                                    "py/tuple": [
                                        "midlegR4",
                                        1.0
                                    ]
                                }
                            },
                            "type": {
                                "py/id": 3
                            }
                        },
                        {
                            "edge_insert_idx": 42,
                            "key": 0,
                            "source": {
                                "py/id": 5
                            },
                            "target": {
                                "py/object": "sleap.skeleton.Node",
                                "py/state": {
                                    "py/tuple": [
                                        "hindlegL4",
                                        1.0
                                    ]
                                }
                            },
                            "type": {
                                "py/id": 3
                            }
                        },
                        {
                            "edge_insert_idx": 43,
                            "key": 0,
                            "source": {
                                "py/id": 5
                            },
                            "target": {
                                "py/object": "sleap.skeleton.Node",
                                "py/state": {
                                    "py/tuple": [
                                        "hindlegR4",
                                        1.0
                                    ]
                                }
                            },
                            "type": {
                                "py/id": 3
                            }
                        }
                    ],
                    "multigraph": true,
                    "nodes": [
                        {
                            "id": {
                                "py/id": 1
                            }
                        },
                        {
                            "id": {
                                "py/id": 5
                            }
                        },
                        {
                            "id": {
                                "py/id": 6
                            }
                        },
                        {
                            "id": {
                                "py/id": 7
                            }
                        },
                        {
                            "id": {
                                "py/id": 8
                            }
                        },
                        {
                            "id": {
                                "py/id": 9
                            }
                        },
                        {
                            "id": {
                                "py/id": 10
                            }
                        },
                        {
                            "id": {
                                "py/id": 11
                            }
                        },
                        {
                            "id": {
                                "py/id": 12
                            }
                        },
                        {
                            "id": {
                                "py/id": 13
                            }
                        },
                        {
                            "id": {
                                "py/id": 14
                            }
                        },
                        {
                            "id": {
                                "py/id": 2
                            }
                        },
                        {
                            "id": {
                                "py/id": 4
                            }
                        }
                    ]
                }
            ]
        },
        "preprocessing": {
            "ensure_rgb": false,
            "ensure_grayscale": false,
            "imagenet_mode": null,
            "input_scaling": 0.5,
            "pad_to_stride": 16
        },
        "instance_cropping": {
            "center_on_part": "thorax",
            "crop_size": null,
            "crop_size_detection_padding": 16
        }
    },
    "model": {
        "backbone": {
            "leap": null,
            "unet": {
                "stem_stride": null,
                "max_stride": 16,
                "output_stride": 2,
                "filters": 16,
                "filters_rate": 2.0,
                "middle_block": true,
                "up_interpolate": true,
                "stacks": 1
            },
            "hourglass": null,
            "resnet": null
        },
        "heads": {
            "single_instance": null,
            "centroid": {
                "anchor_part": "thorax",
                "sigma": 1.0,
                "output_stride": 2
            },
            "centered_instance": null,
            "multi_instance": null
        }
    },
    "optimization": {
        "preload_data": true,
        "augmentation_config": {
            "rotate": true,
            "rotation_min_angle": -180.0,
            "rotation_max_angle": 180.0,
            "translate": false,
            "translate_min": -5,
            "translate_max": 5,
            "scale": false,
            "scale_min": 0.9,
            "scale_max": 1.1,
            "uniform_noise": false,
            "uniform_noise_min_val": 0.0,
            "uniform_noise_max_val": 10.0,
            "gaussian_noise": false,
            "gaussian_noise_mean": 5.0,
            "gaussian_noise_stddev": 1.0,
            "contrast": false,
            "contrast_min_gamma": 0.5,
            "contrast_max_gamma": 2.0,
            "brightness": false,
            "brightness_min_val": 0.0,
            "brightness_max_val": 10.0
        },
        "online_shuffling": true,
        "shuffle_buffer_size": 128,
        "prefetch": true,
        "batch_size": 4,
        "batches_per_epoch": 400,
        "min_batches_per_epoch": 200,
        "val_batches_per_epoch": 50,
        "min_val_batches_per_epoch": 10,
        "epochs": 200,
        "optimizer": "adam",
        "initial_learning_rate": 0.0001,
        "learning_rate_schedule": {
            "reduce_on_plateau": true,
            "reduction_factor": 0.5,
            "plateau_min_delta": 1e-07,
            "plateau_patience": 5,
            "plateau_cooldown": 3,
            "min_learning_rate": 1e-08
        },
        "hard_keypoint_mining": {
            "online_mining": false,
            "hard_to_easy_ratio": 1.0,
            "min_hard_keypoints": 2,
            "max_hard_keypoints": 2,
            "loss_scale": 5.0
        },
        "early_stopping": {
            "stop_training_on_plateau": true,
            "plateau_min_delta": 1e-07,
            "plateau_patience": 15
        }
    },
    "outputs": {
        "save_outputs": true,
        "run_name": "200816_202746.UNet",
        "run_name_prefix": "sigma_adjust_test.",
        "run_name_suffix": "",
        "runs_folder": "outputs/wt_gold.13pt/random_split1/models",
        "tags": [
            "sleap-data/outputs/wt_gold.13pt/random_split1.n=1400/models/sample_size_expts.topdown200419_025348.UNet"
        ],
        "save_visualizations": false,
        "log_to_csv": true,
        "checkpointing": {
            "initial_model": false,
            "best_model": true,
            "every_epoch": false,
            "latest_model": false,
            "final_model": false
        },
        "tensorboard": {
            "write_logs": true,
            "loss_frequency": "epoch",
            "architecture_graph": true,
            "profile_graph": false,
            "visualizations": true
        },
        "zmq": {
            "subscribe_to_controller": false,
            "controller_address": "tcp://127.0.0.1:9000",
            "controller_polling_timeout": 10,
            "publish_updates": false,
            "publish_address": "tcp://127.0.0.1:9001"
        }
    }
}